{
  "version": 1,
  "author": "N.gowtham mr.master",
  "editor": "wokwi",
  "parts": [
    { "type": "wokwi-arduino-uno", "id": "uno", "top": 365.4, "left": 431.4, "attrs": {} },
    { "type": "wokwi-membrane-keypad", "id": "keypad1", "top": 74.8, "left": -186.4, "attrs": {} },
    {
      "type": "wokwi-led",
      "id": "led2",
      "top": 466.8,
      "left": 810.2,
      "attrs": { "color": "green" }
    },
    { "type": "wokwi-servo", "id": "servo1", "top": 17.2, "left": 432, "attrs": {} },
    {
      "type": "wokwi-resistor",
      "id": "r2",
      "top": 474.35,
      "left": 1008,
      "attrs": { "value": "220000" }
    },
    { "type": "wokwi-led", "id": "led1", "top": 34.8, "left": 810.2, "attrs": { "color": "red" } },
    {
      "type": "wokwi-resistor",
      "id": "r1",
      "top": 90.35,
      "left": 873.6,
      "attrs": { "value": "220000" }
    }
  ],
  "connections": [
    [ "keypad1:R1", "uno:9", "green", [ "v19.2", "h336" ] ],
    [ "keypad1:R2", "uno:8", "red", [ "v9.6", "h383.6" ] ],
    [ "keypad1:R3", "uno:7", "orange", [ "v0", "h383.7" ] ],
    [ "keypad1:R4", "uno:6", "blue", [ "v38.4", "h-0.2" ] ],
    [ "keypad1:C1", "uno:5", "green", [ "v67.2", "h403.1" ] ],
    [ "keypad1:C2", "uno:4", "green", [ "v86.4", "h393.6" ] ],
    [ "keypad1:C3", "uno:3", "green", [ "v115.2", "h431.85" ] ],
    [ "keypad1:C4", "uno:2", "green", [ "v144", "h402.9" ] ],
    [ "led2:C", "uno:GND.2", "green", [ "v0" ] ],
    [ "servo1:GND", "uno:GND.2", "black", [ "h0" ] ],
    [ "servo1:V+", "uno:5V", "green", [ "h-163.2", "v-9.5" ] ],
    [ "servo1:PWM", "uno:10", "green", [ "h-220.8", "v9.8" ] ],
    [ "led2:A", "r2:1", "green", [ "v0" ] ],
    [ "r2:2", "uno:11", "green", [ "v0" ] ],
    [ "led1:C", "uno:GND.1", "green", [ "v0" ] ],
    [ "led1:A", "r1:1", "green", [ "v19.2", "h28.8" ] ],
    [ "r1:2", "uno:12", "green", [ "v0" ] ]
  ],
  "dependencies": {}
}