{
  "version": 1,
  "author": "N.gowtham mr.master",
  "editor": "wokwi",
  "parts": [
    { "type": "wokwi-arduino-uno", "id": "uno", "top": 58.2, "left": -10.2, "attrs": {} },
    {
      "type": "wokwi-hc-sr04",
      "id": "ultrasonic1",
      "top": -113.7,
      "left": -42.5,
      "attrs": { "distance": "62" }
    }
  ],
  "connections": [
    [ "ultrasonic1:VCC", "uno:5V", "red", [ "v0" ] ],
    [ "ultrasonic1:GND", "uno:GND.1", "black", [ "v0" ] ],
    [ "ultrasonic1:TRIG", "uno:9", "green", [ "v0" ] ],
    [ "ultrasonic1:ECHO", "uno:10", "magenta", [ "v0" ] ]
  ],
  "dependencies": {}
}